id,name,age,department,salary,normalized_salary,level
1,Alice,29,ENGINEERING,72000,0.7575757575757576,Junior
2,Bob,35,SALES,55000,0.24242424242424243,senior
4,David,45,ENGINEERING,80000,1.0,senior
6,Frank,31,,62000,0.45454545454545453,senior
7,Grace,26,HR,47000,0.0,Junior
8,Henry,33,ENGINEERING,77000,0.9090909090909091,senior
9,Ivy,30,SALES,53000,0.18181818181818182,senior
10,Jack,31,ENGINEERING,69000,0.6666666666666666,senior
11,Alice,29,ENGINEERING,72000,0.7575757575757576,Junior
